{"cameraMode":{"drawMode":0,"name":"Shaded","section":"Shading Mode"},"sceneLighting":true,"audioPlay":false,"sceneViewState":{"showFog":true,"showMaterialUpdate":false,"showSkybox":true,"showFlares":true,"showImageEffects":true,"showParticleSystems":true},"in2DMode":false,"pivot":{"x":-0.002089664340019226,"y":0.09041443467140198,"z":-0.12715470790863038},"rotation":{"x":-0.07552143186330795,"y":0.918228268623352,"z":-0.21336078643798829,"w":-0.3250168263912201},"size":1.6282633543014527,"orthographic":false}